,Baseline BM25,Classical QE (PRF),LLM QE
map,0.296517205483994,0.3046469023596,0.2272565849672857
ndcg,0.6211967297435285,0.6242425780533462,0.5554677932410897
ndcg_cut_10,0.4466092620591918,0.4522102418817527,0.3468770026594896
P_5,0.4602150537634409,0.4666666666666667,0.3505376344086021
P_10,0.3526881720430107,0.3698924731182795,0.2827956989247311
