,Baseline BM25,Classical QE (PRF),LLM QE
map,0.296517205483994,0.3046469023596,0.2316884801757995
ndcg,0.6211967297435285,0.6242425780533462,0.5610101972416179
ndcg_cut_10,0.4466092620591918,0.4522102418817527,0.364975926735438
P_5,0.4602150537634409,0.4666666666666667,0.3720430107526882
P_10,0.3526881720430107,0.3698924731182795,0.3
recall_10,0.2185134626141494,0.2222068814070542,0.1856524827743483
recall_100,0.5990464206323913,0.6199048870318031,0.5477578343729296
