map,ndcg,ndcg_cut_10,P_5,P_10
0.22725658496728576,0.5554677932410897,0.3468770026594896,0.35053763440860214,0.28279569892473116
