map,ndcg,ndcg_cut_10,P_5,P_10,recall_10,recall_100
0.23168848017579954,0.5610101972416179,0.364975926735438,0.3720430107526882,0.3,0.1856524827743483,0.5477578343729296
