map,ndcg,ndcg_cut_10,P_5,P_10
0.3046469023596,0.6242425780533462,0.4522102418817527,0.4666666666666667,0.36989247311827955
