map,ndcg,ndcg_cut_10,P_5,P_10
0.296517205483994,0.6211967297435285,0.4466092620591918,0.4602150537634409,0.35268817204301073
